{"properties": [
  {
    "name": "jwt.secret",
    "type": "java.lang.String",
    "description": "A description for 'jwt.secret'"
  },
  {
    "name": "data.exception.msg",
    "type": "java.lang.String",
    "description": "A description for 'data.exception.msg'"
  },
  {
    "name": "data.exception.dmsg",
    "type": "java.lang.String",
    "description": "A description for 'data.exception.dmsg'"
  },
  {
    "name": "data.exception.incmsg",
    "type": "java.lang.String",
    "description": "A description for 'data.exception.incmsg'"
  },
  {
    "name": "data.exception.incmsg",
    "type": "java.lang.String",
    "description": "A description for 'data.exception.incmsg'"
  },
  {
    "name": "data.exception.incmsg",
    "type": "java.lang.String",
    "description": "A description for 'data.exception.incmsg'"
  },
  {
    "name": "data.exception.incmsg",
    "type": "java.lang.String",
    "description": "A description for 'data.exception.incmsg'"
  }
]}